sample,Biomassa,Produtividade,CHL_total
R2_d0_b1,5280.0,3611.6091954023,
R2_d50_b1,6809.0,6226.848839731078,
R2_d100_b1,10293.33333333333,7427.776020246757,
R2_d200_b1,11466.66666666667,7829.077353215283,
R2_d300_b1,10080.0,7888.039763901832,
R2_d400_b1,10880.0,5697.835766801285,
R2_d400_b2,9333.333333333334,5156.342182890856,
R2_d300_b2,9226.666666666666,7866.053639846744,
R2_d200_b2,10186.66666666667,9722.464206493243,
R2_d100_b2,8053.333333333333,7809.19540229885,
R2_d50_b2,6880.0,3886.053639846744,
R2_d0_b2,3946.666666666667,2791.046581972172,
R2_d200_b3,10986.66666666667,8556.34200443638,
R2_d100_b3,9173.333333333334,7006.03448275862,
R2_d0_b3,4640.0,3460.375075620085,
R2_d400_b3,10400.0,8212.695454074761,
R2_d300_b3,10986.66666666667,9623.665845648606,
R2_d50_b3,5386.666666666667,4343.687985067296,
R2_d300_b4,12053.33333333333,6225.083918217882,
R2_d400_b4,11093.33333333333,7968.954357772569,
R2_d100_b4,9226.666666666666,7151.896551724139,
R2_d50_b4,8160.0,5558.620689655173,
R2_d0_b4,5226.666666666667,3580.229885057471,
R2_d200_b4,8053.333333333333,8197.24923862855,
R5_d0_b1,5333.333333333333,3611.6091954023,33.93
R5_d50_b1,13706.66666666667,6226.848839731078,36.98
R5_d100_b1,17440.0,7427.776020246757,44.14
R5_d200_b1,22133.33333333333,7829.077353215283,49.3
R5_d300_b1,19680.0,7888.039763901832,55.54000000000001
R5_d400_b1,16053.33333333333,5697.835766801285,59.6
R5_d400_b2,16426.66666666666,5156.342182890856,56.88999999999999
R5_d300_b2,16106.66666666667,7866.053639846744,53.77500000000001
R5_d200_b2,15840.0,9722.464206493243,51.98
R5_d100_b2,16053.33333333333,7809.19540229885,37.66363636363637
R5_d50_b2,9920.0,3886.053639846744,30.74
R5_d0_b2,5280.0,2791.046581972172,31.64
R5_d200_b3,20106.66666666667,8556.34200443638,48.78181818181818
R5_d100_b3,15413.33333333333,7006.03448275862,34.02
R5_d0_b3,6880.0,3460.375075620085,31.92222222222223
R5_d400_b3,18666.66666666667,8212.695454074761,56.1
R5_d300_b3,18293.33333333333,9623.665845648606,51.32222222222222
R5_d50_b3,8373.333333333332,4343.687985067296,31.02
R5_d300_b4,16800.0,6225.083918217882,51.49999999999999
R5_d400_b4,18186.66666666667,7968.954357772569,54.60999999999999
R5_d100_b4,12426.66666666667,7151.896551724139,39.78888888888888
R5_d50_b4,13280.0,5558.620689655173,33.96666666666667
R5_d0_b4,7893.333333333333,3580.229885057471,33.62222222222223
R5_d200_b4,22986.66666666667,8197.24923862855,49.38888888888889
V13_d0_b1,2720.0,3611.6091954023,38.2
V13_d50_b1,3840.0,6226.848839731078,38.88333333333334
V13_d100_b1,6026.666666666667,7427.776020246757,49.79166666666666
V13_d200_b1,6346.666666666667,7829.077353215283,47.51666666666667
V13_d300_b1,5333.333333333333,7888.039763901832,46.44166666666666
V13_d400_b1,6080.0,5697.835766801285,49.525
V13_d400_b2,5386.666666666667,5156.342182890856,48.975
V13_d300_b2,5706.666666666667,7866.053639846744,52.925
V13_d200_b2,5066.666666666667,9722.464206493243,51.74166666666667
V13_d100_b2,4640.0,7809.19540229885,49.24166666666667
V13_d50_b2,3306.666666666667,3886.053639846744,38.69166666666667
V13_d0_b2,1653.333333333333,2791.046581972172,37.30833333333334
V13_d200_b3,6613.333333333333,8556.34200443638,47.43333333333334
V13_d100_b3,5573.333333333333,7006.03448275862,42.975
V13_d0_b3,1493.333333333333,3460.375075620085,36.30833333333334
V13_d400_b3,5066.666666666667,8212.695454074761,50.44166666666666
V13_d300_b3,5866.666666666667,9623.665845648606,47.90833333333333
V13_d50_b3,2560.0,4343.687985067296,41.63333333333333
V13_d300_b4,6666.666666666667,6225.083918217882,46.53333333333333
V13_d400_b4,5600.0,7968.954357772569,46.825
V13_d100_b4,5120.0,7151.896551724139,46.40000000000001
V13_d50_b4,2613.333333333333,5558.620689655173,39.60833333333333
V13_d0_b4,2773.333333333333,3580.229885057471,36.70833333333333
V13_d200_b4,6880.0,8197.24923862855,48.79999999999999
V6_d0_b1,350.9333333333333,3611.6091954023,34.61818181818182
V6_d50_b1,557.8666666666668,6226.848839731078,38.49
V6_d100_b1,461.3333333333333,7427.776020246757,41.56666666666667
V6_d200_b1,640.0,7829.077353215283,40.13333333333333
V6_d300_b1,410.9333333333333,7888.039763901832,40.03333333333334
V6_d400_b1,524.5333333333334,5697.835766801285,40.35833333333333
V6_d400_b2,538.6666666666666,5156.342182890856,39.78333333333333
V6_d300_b2,532.0,7866.053639846744,39.18333333333334
V6_d200_b2,601.8666666666667,9722.464206493243,41.35
V6_d100_b2,471.4666666666667,7809.19540229885,41.55
V6_d50_b2,422.1333333333333,3886.053639846744,36.56666666666666
V6_d0_b2,223.7333333333333,2791.046581972172,32.225
V6_d200_b3,648.7999999999998,8556.34200443638,41.79166666666666
V6_d100_b3,454.6666666666667,7006.03448275862,40.8
V6_d0_b3,340.2666666666667,3460.375075620085,31.45
V6_d400_b3,549.3333333333334,8212.695454074761,39.09166666666667
V6_d300_b3,699.2,9623.665845648606,38.39166666666667
V6_d50_b3,361.6,4343.687985067296,41.30833333333333
V6_d300_b4,800.5333333333334,6225.083918217882,38.975
V6_d400_b4,803.2,7968.954357772569,36.2
V6_d100_b4,865.8666666666667,7151.896551724139,40.90833333333334
V6_d50_b4,609.8666666666667,5558.620689655173,41.51666666666667
V6_d0_b4,451.4666666666667,3580.229885057471,29.59166666666667
V6_d200_b4,677.8666666666668,8197.24923862855,37.675
V8_d0_b1,1182.133333333333,3611.6091954023,27.2
V8_d50_b1,1649.6,6226.848839731078,36.11666666666666
V8_d100_b1,2173.066666666667,7427.776020246757,41.29166666666666
V8_d200_b1,2781.333333333333,7829.077353215283,41.05833333333333
V8_d300_b1,2954.666666666667,7888.039763901832,35.08333333333334
V8_d400_b1,2186.666666666667,5697.835766801285,26.8
V8_d400_b2,2254.400000000001,5156.342182890856,42.0
V8_d300_b2,2316.533333333333,7866.053639846744,39.74166666666667
V8_d200_b2,1963.466666666667,9722.464206493243,47.04166666666668
V8_d100_b2,2462.666666666667,7809.19540229885,48.83333333333334
V8_d50_b2,1586.933333333333,3886.053639846744,39.99166666666667
V8_d0_b2,817.8666666666667,2791.046581972172,33.10000000000001
V8_d200_b3,2594.666666666667,8556.34200443638,46.85833333333333
V8_d100_b3,1873.333333333333,7006.03448275862,46.05833333333334
V8_d0_b3,865.8666666666667,3460.375075620085,33.45
V8_d400_b3,2768.0,8212.695454074761,38.29166666666666
V8_d300_b3,2561.866666666666,9623.665845648606,45.23333333333333
V8_d50_b3,872.2666666666667,4343.687985067296,46.31666666666666
V8_d300_b4,3276.8,6225.083918217882,41.60833333333333
V8_d400_b4,2656.8,7968.954357772569,41.225
V8_d100_b4,2372.266666666666,7151.896551724139,43.45833333333334
V8_d50_b4,1696.266666666667,5558.620689655173,40.1
V8_d0_b4,1331.466666666667,3580.229885057471,32.24166666666667
V8_d200_b4,2726.4,8197.24923862855,47.26666666666666
